type,clientAddress,clientName,clientTel,createDateTime,createOperatorAccount,createTimeStamp,note,status
1,clientAddress,clientName,975,2013-06-05 15:19:10,gae,1450861472.0,note,true
1,clientAddress,clientName,975,2013-06-05 15:19:10,gae,1450861472.0,note,true
1,clientAddress,clientName,975,2013-06-05 15:19:10,gae,1450861472.0,note,true
1,clientAddress,clientName,975,2013-06-05 15:19:10,gae,1450861472.0,note,true
1,clientAddress,clientName,975,2013-06-05 15:19:10,gae,1450861472.0,note,true
1,clientAddress,clientName,975,2013-06-05 15:19:10,gae,1450861472.0,note,true
1,clientAddress,clientName,975,2013-06-05 15:19:10,gae,1450861472.0,note,true
1,clientAddress,clientName,975,2013-06-05 15:19:10,gae,1450861472.0,note,true
1,clientAddress,clientName,975,2013-06-05 15:19:10,gae,1450861472.0,note,true
1,clientAddress,clientName,975,2013-06-05 15:19:10,gae,1450861472.0,note,true
1,clientAddress,clientName,975,2013-06-05 15:19:10,gae,1450861472.0,note,true
1,clientAddress,clientName,975,2013-06-05 15:19:10,gae,1450861472.0,note,true
1,clientAddress,clientName,975,2013-06-05 15:19:10,gae,1450861472.0,note,true
